<?xml version="1.0" encoding="UTF-8"?>
<configuration>
    
    <!-- Console Appender -->
    <appender name="CONSOLE" class="ch.qos.logback.core.ConsoleAppender">
        <encoder>
            <pattern>%d{HH:mm:ss.SSS} [%thread] %-5level %logger{36} - %msg%n</pattern>
        </encoder>
    </appender>
    
    <!-- File Appender -->
    <appender name="FILE" class="ch.qos.logback.core.FileAppender">
        <file>logs/application.log</file>
        <encoder>
            <pattern>%d{yyyy-MM-dd HH:mm:ss.SSS} [%thread] %-5level %logger{36} - %msg%n</pattern>
        </encoder>
    </appender>
    
    <!-- Root Logger Configuration -->
    <root level="DEBUG">
        <appender-ref ref="CONSOLE"/>
        <appender-ref ref="FILE"/>
    </root>
    
    <!-- Specific logger for our application -->
    <logger name="com.example" level="DEBUG" additivity="false">
        <appender-ref ref="CONSOLE"/>
        <appender-ref ref="FILE"/>
    </logger>
    
</configuration> 